{
  "id": "",
  "name": "",
  "font_family": "iconfont",
  "css_prefix_text": "icon-",
  "description": "",
  "glyphs": [
    {
      "icon_id": "886537",
      "name": "qq",
      "font_class": "qq",
      "unicode": "e620",
      "unicode_decimal": 58912
    },
    {
      "icon_id": "1105010",
      "name": "手机",
      "font_class": "shouji",
      "unicode": "e615",
      "unicode_decimal": 58901
    },
    {
      "icon_id": "1575557",
      "name": "微信",
      "font_class": "weixin",
      "unicode": "e938",
      "unicode_decimal": 59704
    },
    {
      "icon_id": "1597094",
      "name": "登陆",
      "font_class": "user",
      "unicode": "e609",
      "unicode_decimal": 58889
    },
    {
      "icon_id": "2008996",
      "name": "耳机",
      "font_class": "erji",
      "unicode": "e6d0",
      "unicode_decimal": 59088
    },
    {
      "icon_id": "3303669",
      "name": "充电器",
      "font_class": "chongdianqi",
      "unicode": "e61c",
      "unicode_decimal": 58908
    },
    {
      "icon_id": "4415194",
      "name": "放大镜",
      "font_class": "fangdajing",
      "unicode": "e501",
      "unicode_decimal": 58625
    },
    {
      "icon_id": "4512402",
      "name": "书包",
      "font_class": "shubao",
      "unicode": "e729",
      "unicode_decimal": 59177
    },
    {
      "icon_id": "5090062",
      "name": "手机壳",
      "font_class": "shoujike",
      "unicode": "e610",
      "unicode_decimal": 58896
    },
    {
      "icon_id": "5171665",
      "name": "手机膜",
      "font_class": "icon-",
      "unicode": "e612",
      "unicode_decimal": 58898
    },
    {
      "icon_id": "5171691",
      "name": "手机膜",
      "font_class": "icon-1",
      "unicode": "e616",
      "unicode_decimal": 58902
    },
    {
      "icon_id": "5220162",
      "name": "充电器",
      "font_class": "chongdianqi1",
      "unicode": "e601",
      "unicode_decimal": 58881
    },
    {
      "icon_id": "5220165",
      "name": "耳机",
      "font_class": "erji1",
      "unicode": "e602",
      "unicode_decimal": 58882
    },
    {
      "icon_id": "5960506",
      "name": "weix",
      "font_class": "weix",
      "unicode": "e645",
      "unicode_decimal": 58949
    },
    {
      "icon_id": "6289892",
      "name": "qq",
      "font_class": "qq1",
      "unicode": "e659",
      "unicode_decimal": 58969
    },
    {
      "icon_id": "7180735",
      "name": "weixi",
      "font_class": "weixi",
      "unicode": "e603",
      "unicode_decimal": 58883
    },
    {
      "icon_id": "7720063",
      "name": "购物",
      "font_class": "gouwu",
      "unicode": "e60e",
      "unicode_decimal": 58894
    },
    {
      "icon_id": "8216071",
      "name": "手机壳",
      "font_class": "shoujike1",
      "unicode": "e64c",
      "unicode_decimal": 58956
    },
    {
      "icon_id": "9013140",
      "name": "weix",
      "font_class": "weix1",
      "unicode": "e613",
      "unicode_decimal": 58899
    },
    {
      "icon_id": "10132243",
      "name": "新浪",
      "font_class": "weibo-red",
      "unicode": "e50c",
      "unicode_decimal": 58636
    },
    {
      "icon_id": "10197865",
      "name": "书包",
      "font_class": "shubao1",
      "unicode": "e604",
      "unicode_decimal": 58884
    }
  ]
}
